{
  "name": "Access KV",
  "form": "e2c62704-b2e4-4b84-a040-1249f53ff9aa",
  "blocks": [
    {
      "id": "4e539433-3ca2-4988-9811-ad429a6ca881",
      "endpoint": "etcd",
      "label": "etcd - Get Range KV",
      "environment": "ONPREMISE",
      "presentation": "{\"w\":60,\"x\":220,\"h\":60,\"y\":260}",
      "step": "09d9ac48-9877-4a41-bb68-bf9e60c991e3",
      "stepType": "SCRIPT_STEP",
      "inputMappings": [
        {
          "inputPort": "input",
          "mapping": "foo",
          "stepInput": "2e377ad0-fc37-4651-a3b3-e792f0faf14e"
        },
        {
          "inputPort": "input",
          "mapping": "fop",
          "stepInput": "8b93a242-fad2-4111-891e-11cc02ef9557"
        }
      ]
    },
    {
      "id": "ab9f90e8-9746-45c1-a8a1-7cc841e7951f",
      "label": "etcd - Put KV",
      "environment": "HOSTED",
      "presentation": "{\"w\":60,\"x\":220,\"h\":60,\"y\":40}",
      "step": "31446bc0-514d-4a45-b335-02c8b9ad6e4f",
      "stepType": "SCRIPT_STEP",
      "inputMappings": [
        {
          "inputPort": "input",
          "mapping": "foo",
          "stepInput": "68107232-0dcc-4f0d-aecc-18ff3eafb9fb"
        },
        {
          "inputPort": "input",
          "mapping": "bar",
          "stepInput": "ebbbac1d-1143-4b6b-9c5e-ba07f34c41ef"
        }
      ]
    }
  ]
}